-- phpMyAdmin SQL Dump
-- version 4.9.7
-- https://www.phpmyadmin.net/
--
-- Host: localhost
-- Generation Time: May 25, 2021 at 02:37 PM
-- Server version: 8.0.23
-- PHP Version: 7.3.24-(to be removed in future macOS)

SET SQL_MODE = "NO_AUTO_VALUE_ON_ZERO";
SET AUTOCOMMIT = 0;
START TRANSACTION;
SET time_zone = "+00:00";


/*!40101 SET @OLD_CHARACTER_SET_CLIENT=@@CHARACTER_SET_CLIENT */;
/*!40101 SET @OLD_CHARACTER_SET_RESULTS=@@CHARACTER_SET_RESULTS */;
/*!40101 SET @OLD_COLLATION_CONNECTION=@@COLLATION_CONNECTION */;
/*!40101 SET NAMES utf8mb4 */;

--
-- Database: `toko_wallpaper`
--

-- --------------------------------------------------------

--
-- Table structure for table `ci_sessions`
--

CREATE TABLE `ci_sessions` (
  `id` varchar(128) NOT NULL,
  `ip_address` varchar(45) NOT NULL,
  `timestamp` int UNSIGNED NOT NULL DEFAULT '0',
  `data` blob NOT NULL
) ENGINE=InnoDB DEFAULT CHARSET=utf8;

--
-- Dumping data for table `ci_sessions`
--

INSERT INTO `ci_sessions` (`id`, `ip_address`, `timestamp`, `data`) VALUES
('vlv2u0ptm38m2pp36sekt87lhs8ivjcc', '::1', 1620914444, 0x5f5f63695f6c6173745f726567656e65726174657c693a313632303931343434343b),
('1qkcpiqvvto1kl3139qfnpbvajsgshdl', '::1', 1620914784, 0x5f5f63695f6c6173745f726567656e65726174657c693a313632303931343738343b),
('iug1l6g5uigphf0no26irhiv2ihi6mcb', '::1', 1620915463, 0x5f5f63695f6c6173745f726567656e65726174657c693a313632303931353436333b),
('n77d1qlhgop6f2osf9aep5jfvqltrusr', '::1', 1620915814, 0x5f5f63695f6c6173745f726567656e65726174657c693a313632303931353831343b),
('i3s8mq7g846djvpes98p20lpltshvoqp', '::1', 1620916271, 0x5f5f63695f6c6173745f726567656e65726174657c693a313632303931363237313b),
('fmfkikp1bcrmlg13teoa5bnpf2iqfacr', '::1', 1620916852, 0x5f5f63695f6c6173745f726567656e65726174657c693a313632303931363835323b),
('50p2b8566dhnmu0tejfiu9ehebgci1as', '::1', 1620917410, 0x5f5f63695f6c6173745f726567656e65726174657c693a313632303931373431303b),
('oorgacjto3uk6asp96n43ie138r293sh', '::1', 1620918143, 0x5f5f63695f6c6173745f726567656e65726174657c693a313632303931383134333b),
('1oi0mda4o3q1viadeuenuc8dhj08o2ui', '::1', 1620918510, 0x5f5f63695f6c6173745f726567656e65726174657c693a313632303931383531303b),
('cdtmtp683f8125phv6tah6c9gqf7up3t', '::1', 1620918988, 0x5f5f63695f6c6173745f726567656e65726174657c693a313632303931383938383b7265646972656374696f6e7c4e3b5f5f4143544956455f53455353494f4e5f444154417c733a3235363a2266376133626435343365376332376539383932386137643632646332646133363338313636386635663337313739633837633932363465643662313264363263383236393436323831306136656661326365613865376365613830326463316162643237313130643964373934306664393230376664613464336633653234657571694a2f4c7a757556566b574162524d643437696643347836355433487879487045726152724d6f346a2f574864464c6b69582b3348744574544d3047633447796f5a4642567450772f4779426c656f6536476347654439725a436b374c4b444c5979714d6a54655a6a5a6b61572f69432f695a4654767065737a436a4158223b),
('6k7euplt10dudsh87kkfl1275dhtm2ko', '::1', 1620919232, 0x5f5f63695f6c6173745f726567656e65726174657c693a313632303931383938383b7265646972656374696f6e7c4e3b5f5f4143544956455f53455353494f4e5f444154417c733a3235363a2264356231336434333637626230383261386336386131623164386435383764613738386238366136393436613965333963623162643337373536396436636139623034633436373636316533376334653038323236623361363039633939336234663532616165366137353639383662343030303238396137653337396161387a4d6a53596a73343256384737636a595463354a55364267704f37336353725375666f31647531485036584b714d594c774f6c63504d585743627932596270664b4f63755973497a4f666e4b724265495a5855345762707470504f767973336c627a7a784a4e6d586c76475145496b425158447a574e32587336324e464c474c223b),
('a6t0ut3ds4h72cjil7omcvnrtcj7c60u', '::1', 1621072676, 0x5f5f63695f6c6173745f726567656e65726174657c693a313632313037323637363b),
('9p1tj8j2acsljub5dok7on0gruivdhah', '::1', 1621073389, 0x5f5f63695f6c6173745f726567656e65726174657c693a313632313037333338393b5f5f4143544956455f53455353494f4e5f444154417c733a3235363a2262353664663762333936353462356138316434633161386439333036333831613431643033353965363365383366613738386134373065373130376266623963376131616665636338646130643864363239356637313638313665376562626363343834373639313632383061393032623136353839383834633133326532356252396e51796d702f53504b6167774634386d6a50504c6f713578455469692b6b6861594b304f4a4f62636a6e6a793746642b6e326a664d77514a4a5343346a7a4d7a41454a6d766737726a2b674c37344630633264717345493048714430354d4a364f324347317a44667166473046684b74766b77524a6469322b6f756559223b7265646972656374696f6e7c733a39323a226148523063446f764c327876593246736147397a64433930623274764c586468624778775958426c63693970626d526c65433577614841765933567a644739745a584976634746356257567564484d76593239755a6d6c7962513d3d223b),
('4vbloe0genqds0tp1oilctj7iits4n6n', '::1', 1621073714, 0x5f5f63695f6c6173745f726567656e65726174657c693a313632313037333731343b5f5f4143544956455f53455353494f4e5f444154417c733a3235363a2262353664663762333936353462356138316434633161386439333036333831613431643033353965363365383366613738386134373065373130376266623963376131616665636338646130643864363239356637313638313665376562626363343834373639313632383061393032623136353839383834633133326532356252396e51796d702f53504b6167774634386d6a50504c6f713578455469692b6b6861594b304f4a4f62636a6e6a793746642b6e326a664d77514a4a5343346a7a4d7a41454a6d766737726a2b674c37344630633264717345493048714430354d4a364f324347317a44667166473046684b74766b77524a6469322b6f756559223b7265646972656374696f6e7c733a39323a226148523063446f764c327876593246736147397a64433930623274764c586468624778775958426c63693970626d526c65433577614841765933567a644739745a584976634746356257567564484d76593239755a6d6c7962513d3d223b),
('rj361jkpkk635ob5lh95gusooh36gnsm', '::1', 1621074017, 0x5f5f63695f6c6173745f726567656e65726174657c693a313632313037343031373b5f5f4143544956455f53455353494f4e5f444154417c733a3235363a2262353664663762333936353462356138316434633161386439333036333831613431643033353965363365383366613738386134373065373130376266623963376131616665636338646130643864363239356637313638313665376562626363343834373639313632383061393032623136353839383834633133326532356252396e51796d702f53504b6167774634386d6a50504c6f713578455469692b6b6861594b304f4a4f62636a6e6a793746642b6e326a664d77514a4a5343346a7a4d7a41454a6d766737726a2b674c37344630633264717345493048714430354d4a364f324347317a44667166473046684b74766b77524a6469322b6f756559223b7265646972656374696f6e7c733a39323a226148523063446f764c327876593246736147397a64433930623274764c586468624778775958426c63693970626d526c65433577614841765933567a644739745a584976634746356257567564484d76593239755a6d6c7962513d3d223b),
('jjp9g2bmk9iuc8cfoppsct586gk1odu3', '::1', 1621074319, 0x5f5f63695f6c6173745f726567656e65726174657c693a313632313037343331393b5f5f4143544956455f53455353494f4e5f444154417c733a3235363a2262353664663762333936353462356138316434633161386439333036333831613431643033353965363365383366613738386134373065373130376266623963376131616665636338646130643864363239356637313638313665376562626363343834373639313632383061393032623136353839383834633133326532356252396e51796d702f53504b6167774634386d6a50504c6f713578455469692b6b6861594b304f4a4f62636a6e6a793746642b6e326a664d77514a4a5343346a7a4d7a41454a6d766737726a2b674c37344630633264717345493048714430354d4a364f324347317a44667166473046684b74766b77524a6469322b6f756559223b7265646972656374696f6e7c733a39323a226148523063446f764c327876593246736147397a64433930623274764c586468624778775958426c63693970626d526c65433577614841765933567a644739745a584976634746356257567564484d76593239755a6d6c7962513d3d223b),
('nk1bh9f8nrgtpl2845aippp6md7esq0s', '::1', 1621074649, 0x5f5f63695f6c6173745f726567656e65726174657c693a313632313037343634393b5f5f4143544956455f53455353494f4e5f444154417c733a3235363a2262353664663762333936353462356138316434633161386439333036333831613431643033353965363365383366613738386134373065373130376266623963376131616665636338646130643864363239356637313638313665376562626363343834373639313632383061393032623136353839383834633133326532356252396e51796d702f53504b6167774634386d6a50504c6f713578455469692b6b6861594b304f4a4f62636a6e6a793746642b6e326a664d77514a4a5343346a7a4d7a41454a6d766737726a2b674c37344630633264717345493048714430354d4a364f324347317a44667166473046684b74766b77524a6469322b6f756559223b7265646972656374696f6e7c733a39323a226148523063446f764c327876593246736147397a64433930623274764c586468624778775958426c63693970626d526c65433577614841765933567a644739745a584976634746356257567564484d76593239755a6d6c7962513d3d223b),
('7dvipabpt2tmciavd0s7cub8fupi215u', '::1', 1621075008, 0x5f5f63695f6c6173745f726567656e65726174657c693a313632313037353030383b5f5f4143544956455f53455353494f4e5f444154417c733a3235363a2262353664663762333936353462356138316434633161386439333036333831613431643033353965363365383366613738386134373065373130376266623963376131616665636338646130643864363239356637313638313665376562626363343834373639313632383061393032623136353839383834633133326532356252396e51796d702f53504b6167774634386d6a50504c6f713578455469692b6b6861594b304f4a4f62636a6e6a793746642b6e326a664d77514a4a5343346a7a4d7a41454a6d766737726a2b674c37344630633264717345493048714430354d4a364f324347317a44667166473046684b74766b77524a6469322b6f756559223b7265646972656374696f6e7c733a39323a226148523063446f764c327876593246736147397a64433930623274764c586468624778775958426c63693970626d526c65433577614841765933567a644739745a584976634746356257567564484d76593239755a6d6c7962513d3d223b),
('8ledaebnfkm8seb23l5g1kkb5331tobb', '::1', 1621075314, 0x5f5f63695f6c6173745f726567656e65726174657c693a313632313037353331343b5f5f4143544956455f53455353494f4e5f444154417c733a3235363a2262353664663762333936353462356138316434633161386439333036333831613431643033353965363365383366613738386134373065373130376266623963376131616665636338646130643864363239356637313638313665376562626363343834373639313632383061393032623136353839383834633133326532356252396e51796d702f53504b6167774634386d6a50504c6f713578455469692b6b6861594b304f4a4f62636a6e6a793746642b6e326a664d77514a4a5343346a7a4d7a41454a6d766737726a2b674c37344630633264717345493048714430354d4a364f324347317a44667166473046684b74766b77524a6469322b6f756559223b7265646972656374696f6e7c733a39323a226148523063446f764c327876593246736147397a64433930623274764c586468624778775958426c63693970626d526c65433577614841765933567a644739745a584976634746356257567564484d76593239755a6d6c7962513d3d223b),
('mi8q2icm0s23cmo3to82snnnn1aabvhj', '::1', 1621075319, 0x5f5f63695f6c6173745f726567656e65726174657c693a313632313037353331343b5f5f4143544956455f53455353494f4e5f444154417c733a3235363a2262353664663762333936353462356138316434633161386439333036333831613431643033353965363365383366613738386134373065373130376266623963376131616665636338646130643864363239356637313638313665376562626363343834373639313632383061393032623136353839383834633133326532356252396e51796d702f53504b6167774634386d6a50504c6f713578455469692b6b6861594b304f4a4f62636a6e6a793746642b6e326a664d77514a4a5343346a7a4d7a41454a6d766737726a2b674c37344630633264717345493048714430354d4a364f324347317a44667166473046684b74766b77524a6469322b6f756559223b7265646972656374696f6e7c733a39323a226148523063446f764c327876593246736147397a64433930623274764c586468624778775958426c63693970626d526c65433577614841765933567a644739745a584976634746356257567564484d76593239755a6d6c7962513d3d223b),
('cnlctfr782iob2rcdqqu3v3mm2po3e2k', '::1', 1621120714, 0x5f5f63695f6c6173745f726567656e65726174657c693a313632313132303731343b636172745f636f6e74656e74737c613a333a7b733a31303a22636172745f746f74616c223b643a38353030303b733a31313a22746f74616c5f6974656d73223b643a313b733a33323a226138376666363739613266336537316439313831613637623735343231323263223b613a363a7b733a323a226964223b733a313a2234223b733a333a22717479223b643a313b733a353a227072696365223b643a38353030303b733a343a226e616d65223b733a363a22505430333032223b733a353a22726f776964223b733a33323a226138376666363739613266336537316439313831613637623735343231323263223b733a383a22737562746f74616c223b643a38353030303b7d7d5f74656d705f636f75706f6e7c733a303a22223b5f74656d705f7175616e746974797c613a313a7b733a33323a226138376666363739613266336537316439313831613637623735343231323263223b733a313a2232223b7d5f5f4143544956455f53455353494f4e5f444154417c733a3235363a2233373466313838326262373061323936373932623733323136313930333831656530373731386334636533626438386230646138623134666338353939613763356135656631396532643162386362376136623330626465336232363033366634323633386232336538656262616330376330396439636235326238303361615248486637694c3452307347365555317a4c37376d55305158496e4d597261724a5a47375732784d556b5048727a6c4e5a72743441514368614f703533566f64796f746e6b4d2f6475715952354157536a76706e6c6c6e706a69586a4a38726d6835744d326e2b4b6b6f396f754a693274326c6e4a6673595038614d6162576e223b),
('089poks673ob7t5u45recmjobf0pkdk5', '::1', 1621121176, 0x5f5f63695f6c6173745f726567656e65726174657c693a313632313132313137363b636172745f636f6e74656e74737c613a353a7b733a31303a22636172745f746f74616c223b643a3235353030303b733a31313a22746f74616c5f6974656d73223b643a333b733a33323a226334636134323338613062393233383230646363353039613666373538343962223b613a363a7b733a323a226964223b733a313a2231223b733a333a22717479223b643a313b733a353a227072696365223b643a36353030303b733a343a226e616d65223b733a363a22434c30323031223b733a353a22726f776964223b733a33323a226334636134323338613062393233383230646363353039613666373538343962223b733a383a22737562746f74616c223b643a36353030303b7d733a33323a226339663066383935666239386162393135396635316664303239376532333664223b613a363a7b733a323a226964223b733a313a2238223b733a333a22717479223b643a313b733a353a227072696365223b643a3133303030303b733a343a226e616d65223b733a363a22505430333034223b733a353a22726f776964223b733a33323a226339663066383935666239386162393135396635316664303239376532333664223b733a383a22737562746f74616c223b643a3133303030303b7d733a33323a226335316365343130633132346131306530646235653462393766633261663339223b613a363a7b733a323a226964223b733a323a223133223b733a333a22717479223b643a313b733a353a227072696365223b643a36303030303b733a343a226e616d65223b733a363a22434c30323036223b733a353a22726f776964223b733a33323a226335316365343130633132346131306530646235653462393766633261663339223b733a383a22737562746f74616c223b643a36303030303b7d7d6f726465725f7175616e746974797c613a333a7b693a313b613a323a7b733a333a22717479223b643a313b733a353a227072696365223b643a36353030303b7d693a383b613a323a7b733a333a22717479223b643a313b733a353a227072696365223b643a3133303030303b7d693a31333b613a323a7b733a333a22717479223b643a313b733a353a227072696365223b643a36303030303b7d7d746f74616c5f70726963657c643a3235353030303b7265646972656374696f6e7c733a37363a226148523063446f764c327876593246736147397a64433930623274764c586468624778775958426c63693970626d526c6543357761484176633268766343396a6147566a6132393164413d3d223b5f74656d705f636f75706f6e7c733a303a22223b5f74656d705f7175616e746974797c613a333a7b733a33323a226334636134323338613062393233383230646363353039613666373538343962223b733a313a2231223b733a33323a226339663066383935666239386162393135396635316664303239376532333664223b733a313a2231223b733a33323a226335316365343130633132346131306530646235653462393766633261663339223b733a313a2231223b7d),
('9v0ep0kf4gtpu39qmit8s6trup12la6u', '::1', 1621121480, 0x5f5f63695f6c6173745f726567656e65726174657c693a313632313132313438303b7265646972656374696f6e7c733a37363a226148523063446f764c327876593246736147397a64433930623274764c586468624778775958426c63693970626d526c6543357761484176633268766343396a6147566a6132393164413d3d223b5f5f4143544956455f53455353494f4e5f444154417c733a3235363a22303438623333636530333138313535666537653762316232326438363730336239333139633337663066623663346338613332666531653037316131653633343038376533616336373439363432643963643837666465323333613564643230303061666231626333353065303933313733313762313035666539306538383879387156687445466148457a72326d3837423779577a774b4262527167373678563258745269494e6b3634386b4c5678384e74676241516b4549335a6c3478654347586447597563594d634f466f783963542b7355576166622b476f4d4e416559427133664c77565468706f423433562f6c4c446d366972474d2b4538714c43223b),
('a28gj43dge7sk6cpkfj8ji4uebs898nt', '::1', 1621121629, 0x5f5f63695f6c6173745f726567656e65726174657c693a313632313132313632393b7265646972656374696f6e7c4e3b5f5f4143544956455f53455353494f4e5f444154417c733a3235363a22306139306434623264643438656639663664653836386663346332393838343436313666346465363665373564303864306365383133306539336435623533616630326338623966396636633662656434333632346631653364613132383236393165616632376437303433313130316131333263386430666162376237303046304d3137514b79305764414a7653696352333147384953654c776c4c38325779392b6837706f354a385a666b2b55664350686a503955325830326d496f38644d6f5351584f397a73323856364f6f314b62523067707150585174675976594d5151642f5a566337583962634150366c426d713173322b4877566c6133744b69223b73657474696e67735f666c6173687c733a33303a2250656e6761747572616e20626572686173696c2064697065726261727569223b5f5f63695f766172737c613a313a7b733a31343a2273657474696e67735f666c617368223b733a333a226f6c64223b7d),
('icap9nrd0b8v6s7plkimo5a2gllkf25q', '::1', 1621121783, 0x5f5f63695f6c6173745f726567656e65726174657c693a313632313132313738333b7265646972656374696f6e7c733a37363a226148523063446f764c327876593246736147397a64433930623274764c586468624778775958426c63693970626d526c6543357761484176633268766343396a6147566a6132393164413d3d223b5f5f4143544956455f53455353494f4e5f444154417c733a3235363a22303438623333636530333138313535666537653762316232326438363730336239333139633337663066623663346338613332666531653037316131653633343038376533616336373439363432643963643837666465323333613564643230303061666231626333353065303933313733313762313035666539306538383879387156687445466148457a72326d3837423779577a774b4262527167373678563258745269494e6b3634386b4c5678384e74676241516b4549335a6c3478654347586447597563594d634f466f783963542b7355576166622b476f4d4e416559427133664c77565468706f423433562f6c4c446d366972474d2b4538714c43223b),
('hr7ibajgtm2h5vtt8evnv6elrttfvob5', '::1', 1621122356, 0x5f5f63695f6c6173745f726567656e65726174657c693a313632313132323335363b7265646972656374696f6e7c4e3b5f5f4143544956455f53455353494f4e5f444154417c733a3235363a22306139306434623264643438656639663664653836386663346332393838343436313666346465363665373564303864306365383133306539336435623533616630326338623966396636633662656434333632346631653364613132383236393165616632376437303433313130316131333263386430666162376237303046304d3137514b79305764414a7653696352333147384953654c776c4c38325779392b6837706f354a385a666b2b55664350686a503955325830326d496f38644d6f5351584f397a73323856364f6f314b62523067707150585174675976594d5151642f5a566337583962634150366c426d713173322b4877566c6133744b69223b),
('q9l642j96m6bq3obpefjisk1oqb3em9r', '::1', 1621122339, 0x5f5f63695f6c6173745f726567656e65726174657c693a313632313132323333393b7265646972656374696f6e7c733a37363a226148523063446f764c327876593246736147397a64433930623274764c586468624778775958426c63693970626d526c6543357761484176633268766343396a6147566a6132393164413d3d223b5f5f4143544956455f53455353494f4e5f444154417c733a3235363a22303438623333636530333138313535666537653762316232326438363730336239333139633337663066623663346338613332666531653037316131653633343038376533616336373439363432643963643837666465323333613564643230303061666231626333353065303933313733313762313035666539306538383879387156687445466148457a72326d3837423779577a774b4262527167373678563258745269494e6b3634386b4c5678384e74676241516b4549335a6c3478654347586447597563594d634f466f783963542b7355576166622b476f4d4e416559427133664c77565468706f423433562f6c4c446d366972474d2b4538714c43223b),
('v1ins0hds3b1qvss9s6ead0gq3tg4d2q', '::1', 1621122651, 0x5f5f63695f6c6173745f726567656e65726174657c693a313632313132323635313b7265646972656374696f6e7c733a37363a226148523063446f764c327876593246736147397a64433930623274764c586468624778775958426c63693970626d526c6543357761484176633268766343396a6147566a6132393164413d3d223b5f5f4143544956455f53455353494f4e5f444154417c733a3235363a22303438623333636530333138313535666537653762316232326438363730336239333139633337663066623663346338613332666531653037316131653633343038376533616336373439363432643963643837666465323333613564643230303061666231626333353065303933313733313762313035666539306538383879387156687445466148457a72326d3837423779577a774b4262527167373678563258745269494e6b3634386b4c5678384e74676241516b4549335a6c3478654347586447597563594d634f466f783963542b7355576166622b476f4d4e416559427133664c77565468706f423433562f6c4c446d366972474d2b4538714c43223b),
('atfp7vba50mhq4aqr24ldj81acci970j', '::1', 1621123029, 0x5f5f63695f6c6173745f726567656e65726174657c693a313632313132333032393b7265646972656374696f6e7c4e3b5f5f4143544956455f53455353494f4e5f444154417c733a3235363a22306139306434623264643438656639663664653836386663346332393838343436313666346465363665373564303864306365383133306539336435623533616630326338623966396636633662656434333632346631653364613132383236393165616632376437303433313130316131333263386430666162376237303046304d3137514b79305764414a7653696352333147384953654c776c4c38325779392b6837706f354a385a666b2b55664350686a503955325830326d496f38644d6f5351584f397a73323856364f6f314b62523067707150585174675976594d5151642f5a566337583962634150366c426d713173322b4877566c6133744b69223b73657474696e67735f666c6173687c733a33303a2250656e6761747572616e20626572686173696c2064697065726261727569223b5f5f63695f766172737c613a313a7b733a31343a2273657474696e67735f666c617368223b733a333a226f6c64223b7d),
('2fe5uqd3gcelr6okkhc8hov5k3k6vcfq', '::1', 1621122974, 0x5f5f63695f6c6173745f726567656e65726174657c693a313632313132323937343b7265646972656374696f6e7c733a39323a226148523063446f764c327876593246736147397a64433930623274764c586468624778775958426c63693970626d526c65433577614841765933567a644739745a584976634746356257567564484d76593239755a6d6c7962513d3d223b),
('4mbbu2l04epei74uptqtuof6m2kerpdi', '::1', 1621123014, 0x5f5f63695f6c6173745f726567656e65726174657c693a313632313132323937343b7265646972656374696f6e7c733a39323a226148523063446f764c327876593246736147397a64433930623274764c586468624778775958426c63693970626d526c65433577614841765933567a644739745a584976634746356257567564484d76593239755a6d6c7962513d3d223b),
('gnnhc06lbaropi5sudo6cj1jli2r1env', '::1', 1621123360, 0x5f5f63695f6c6173745f726567656e65726174657c693a313632313132333336303b7265646972656374696f6e7c4e3b5f5f4143544956455f53455353494f4e5f444154417c733a3235363a223036653436313336326235336430323466653064663532363763353936393634663265323664663061643564323132383936386164663862333338393737376264653865363066363066663866373334643132383865623364643736613866343263323430393839633734333638373739363766396432336430623230376531464d6f35666e7930554566464d39702b31357a6d53335076366b6c65474841657461624c6f59796362743650434b716a546b597739514a6878426a534d48477364444f624f6f394c386b6c5a5347356b2f55494a712b6a30747a6d3171464e36456757707a6865306f492b66473372636266735a61684b556845433175736b70223b),
('0vjlck7cuaai6e1rofvg4f5gdjk0nvhs', '::1', 1621123802, 0x5f5f63695f6c6173745f726567656e65726174657c693a313632313132333830323b7265646972656374696f6e7c4e3b5f5f4143544956455f53455353494f4e5f444154417c733a3235363a223036653436313336326235336430323466653064663532363763353936393634663265323664663061643564323132383936386164663862333338393737376264653865363066363066663866373334643132383865623364643736613866343263323430393839633734333638373739363766396432336430623230376531464d6f35666e7930554566464d39702b31357a6d53335076366b6c65474841657461624c6f59796362743650434b716a546b597739514a6878426a534d48477364444f624f6f394c386b6c5a5347356b2f55494a712b6a30747a6d3171464e36456757707a6865306f492b66473372636266735a61684b556845433175736b70223b73657474696e67735f666c6173687c733a33303a2250656e6761747572616e20626572686173696c2064697065726261727569223b5f5f63695f766172737c613a313a7b733a31343a2273657474696e67735f666c617368223b733a333a226f6c64223b7d),
('jn2vfj52epcptb7djm57nimaq7gorsme', '::1', 1621124120, 0x5f5f63695f6c6173745f726567656e65726174657c693a313632313132343132303b7265646972656374696f6e7c4e3b5f5f4143544956455f53455353494f4e5f444154417c733a3235363a223036653436313336326235336430323466653064663532363763353936393634663265323664663061643564323132383936386164663862333338393737376264653865363066363066663866373334643132383865623364643736613866343263323430393839633734333638373739363766396432336430623230376531464d6f35666e7930554566464d39702b31357a6d53335076366b6c65474841657461624c6f59796362743650434b716a546b597739514a6878426a534d48477364444f624f6f394c386b6c5a5347356b2f55494a712b6a30747a6d3171464e36456757707a6865306f492b66473372636266735a61684b556845433175736b70223b),
('36snhivk61re6u9a62kuvmd0mhsnh8ad', '::1', 1621124460, 0x5f5f63695f6c6173745f726567656e65726174657c693a313632313132343436303b7265646972656374696f6e7c4e3b5f5f4143544956455f53455353494f4e5f444154417c733a3235363a223036653436313336326235336430323466653064663532363763353936393634663265323664663061643564323132383936386164663862333338393737376264653865363066363066663866373334643132383865623364643736613866343263323430393839633734333638373739363766396432336430623230376531464d6f35666e7930554566464d39702b31357a6d53335076366b6c65474841657461624c6f59796362743650434b716a546b597739514a6878426a534d48477364444f624f6f394c386b6c5a5347356b2f55494a712b6a30747a6d3171464e36456757707a6865306f492b66473372636266735a61684b556845433175736b70223b),
('39noiqsl619v9ke1vshhnr11douvj85u', '::1', 1621124480, 0x5f5f63695f6c6173745f726567656e65726174657c693a313632313132343436303b7265646972656374696f6e7c4e3b5f5f4143544956455f53455353494f4e5f444154417c733a3235363a223036653436313336326235336430323466653064663532363763353936393634663265323664663061643564323132383936386164663862333338393737376264653865363066363066663866373334643132383865623364643736613866343263323430393839633734333638373739363766396432336430623230376531464d6f35666e7930554566464d39702b31357a6d53335076366b6c65474841657461624c6f59796362743650434b716a546b597739514a6878426a534d48477364444f624f6f394c386b6c5a5347356b2f55494a712b6a30747a6d3171464e36456757707a6865306f492b66473372636266735a61684b556845433175736b70223b),
('tgi370in7ieuq7ii8vfhstqqce5hv972', '::1', 1621180395, 0x5f5f63695f6c6173745f726567656e65726174657c693a313632313138303339353b7265646972656374696f6e7c733a39323a226148523063446f764c327876593246736147397a64433930623274764c586468624778775958426c63693970626d526c65433577614841765933567a644739745a584976634746356257567564484d76593239755a6d6c7962513d3d223b),
('98v55jvundo7e9c68b995e47ejmjes7n', '::1', 1621180643, 0x5f5f63695f6c6173745f726567656e65726174657c693a313632313138303339353b7265646972656374696f6e7c733a39323a226148523063446f764c327876593246736147397a64433930623274764c586468624778775958426c63693970626d526c65433577614841765933567a644739745a584976634746356257567564484d76593239755a6d6c7962513d3d223b),
('2c34j39r782r7qb3ru6n7qmmrd0bn7ei', '::1', 1621180768, 0x5f5f63695f6c6173745f726567656e65726174657c693a313632313138303730323b7265646972656374696f6e7c733a37363a226148523063446f764c327876593246736147397a64433930623274764c586468624778775958426c63693970626d526c654335776148417659575274615734765933567a644739745a584a7a223b),
('b7v02mjvdmif385anmcoig84ak3p603g', '::1', 1621221410, 0x5f5f63695f6c6173745f726567656e65726174657c693a313632313232313431303b7265646972656374696f6e7c4e3b5f5f4143544956455f53455353494f4e5f444154417c733a3235363a223238386135303337306639303137346632313036386364363035363630626665663038373361373166323432376539666437343062336362343039353039623437356630646136663932323930353131383132633365323234383833386166353034636536353035653063313633313034343265333530303430663439373563442f6f592b4d674a635732684859567a66796b312b54304b737858705a6b3770304a4a6b53655478624b494d793645577367545444394a506673304f5a586c4b7a476b5a6f694a54304b4d716f743455387130754d442f516954386f5a336f65434179724d306f3031525a7045775149427069536647432b50452f3459694152223b),
('cade57qkv2mg1c4mpm84924qkd0uebru', '::1', 1621225206, 0x5f5f63695f6c6173745f726567656e65726174657c693a313632313232353230363b7265646972656374696f6e7c4e3b5f5f4143544956455f53455353494f4e5f444154417c733a3235363a223238386135303337306639303137346632313036386364363035363630626665663038373361373166323432376539666437343062336362343039353039623437356630646136663932323930353131383132633365323234383833386166353034636536353035653063313633313034343265333530303430663439373563442f6f592b4d674a635732684859567a66796b312b54304b737858705a6b3770304a4a6b53655478624b494d793645577367545444394a506673304f5a586c4b7a476b5a6f694a54304b4d716f743455387130754d442f516954386f5a336f65434179724d306f3031525a7045775149427069536647432b50452f3459694152223b),
('0ff9826t7ta14q7sj3fk4idfuer3c717', '::1', 1621225562, 0x5f5f63695f6c6173745f726567656e65726174657c693a313632313232353536323b7265646972656374696f6e7c4e3b5f5f4143544956455f53455353494f4e5f444154417c733a3235363a223238386135303337306639303137346632313036386364363035363630626665663038373361373166323432376539666437343062336362343039353039623437356630646136663932323930353131383132633365323234383833386166353034636536353035653063313633313034343265333530303430663439373563442f6f592b4d674a635732684859567a66796b312b54304b737858705a6b3770304a4a6b53655478624b494d793645577367545444394a506673304f5a586c4b7a476b5a6f694a54304b4d716f743455387130754d442f516954386f5a336f65434179724d306f3031525a7045775149427069536647432b50452f3459694152223b),
('34g3fa21a4flcusj4sju8b4s75ecgbms', '::1', 1621226475, 0x5f5f63695f6c6173745f726567656e65726174657c693a313632313232363437353b7265646972656374696f6e7c4e3b5f5f4143544956455f53455353494f4e5f444154417c733a3235363a223238386135303337306639303137346632313036386364363035363630626665663038373361373166323432376539666437343062336362343039353039623437356630646136663932323930353131383132633365323234383833386166353034636536353035653063313633313034343265333530303430663439373563442f6f592b4d674a635732684859567a66796b312b54304b737858705a6b3770304a4a6b53655478624b494d793645577367545444394a506673304f5a586c4b7a476b5a6f694a54304b4d716f743455387130754d442f516954386f5a336f65434179724d306f3031525a7045775149427069536647432b50452f3459694152223b),
('pshsc8vu7lro61j1d3m0cdf1ei8ei728', '::1', 1621226792, 0x5f5f63695f6c6173745f726567656e65726174657c693a313632313232363739323b7265646972656374696f6e7c4e3b5f5f4143544956455f53455353494f4e5f444154417c733a3235363a223238386135303337306639303137346632313036386364363035363630626665663038373361373166323432376539666437343062336362343039353039623437356630646136663932323930353131383132633365323234383833386166353034636536353035653063313633313034343265333530303430663439373563442f6f592b4d674a635732684859567a66796b312b54304b737858705a6b3770304a4a6b53655478624b494d793645577367545444394a506673304f5a586c4b7a476b5a6f694a54304b4d716f743455387130754d442f516954386f5a336f65434179724d306f3031525a7045775149427069536647432b50452f3459694152223b),
('1miv7hl6q53cf71add5rg1emss7uk680', '::1', 1621227152, 0x5f5f63695f6c6173745f726567656e65726174657c693a313632313232373135323b7265646972656374696f6e7c4e3b5f5f4143544956455f53455353494f4e5f444154417c733a3235363a223238386135303337306639303137346632313036386364363035363630626665663038373361373166323432376539666437343062336362343039353039623437356630646136663932323930353131383132633365323234383833386166353034636536353035653063313633313034343265333530303430663439373563442f6f592b4d674a635732684859567a66796b312b54304b737858705a6b3770304a4a6b53655478624b494d793645577367545444394a506673304f5a586c4b7a476b5a6f694a54304b4d716f743455387130754d442f516954386f5a336f65434179724d306f3031525a7045775149427069536647432b50452f3459694152223b),
('lfr0jfv55fv4r2fusp4lc5t0tmskdpma', '::1', 1621227491, 0x5f5f63695f6c6173745f726567656e65726174657c693a313632313232373439313b7265646972656374696f6e7c4e3b5f5f4143544956455f53455353494f4e5f444154417c733a3235363a223238386135303337306639303137346632313036386364363035363630626665663038373361373166323432376539666437343062336362343039353039623437356630646136663932323930353131383132633365323234383833386166353034636536353035653063313633313034343265333530303430663439373563442f6f592b4d674a635732684859567a66796b312b54304b737858705a6b3770304a4a6b53655478624b494d793645577367545444394a506673304f5a586c4b7a476b5a6f694a54304b4d716f743455387130754d442f516954386f5a336f65434179724d306f3031525a7045775149427069536647432b50452f3459694152223b),
('ukjvaiskspkvlbo3gp23lk52tguc7hcg', '::1', 1621228057, 0x5f5f63695f6c6173745f726567656e65726174657c693a313632313232383035373b7265646972656374696f6e7c4e3b5f5f4143544956455f53455353494f4e5f444154417c733a3235363a223238386135303337306639303137346632313036386364363035363630626665663038373361373166323432376539666437343062336362343039353039623437356630646136663932323930353131383132633365323234383833386166353034636536353035653063313633313034343265333530303430663439373563442f6f592b4d674a635732684859567a66796b312b54304b737858705a6b3770304a4a6b53655478624b494d793645577367545444394a506673304f5a586c4b7a476b5a6f694a54304b4d716f743455387130754d442f516954386f5a336f65434179724d306f3031525a7045775149427069536647432b50452f3459694152223b),
('qk6i4thpaelp80ab00b6d882v1a4e4i9', '::1', 1621228136, 0x5f5f63695f6c6173745f726567656e65726174657c693a313632313232383035373b7265646972656374696f6e7c4e3b5f5f4143544956455f53455353494f4e5f444154417c733a3235363a223238386135303337306639303137346632313036386364363035363630626665663038373361373166323432376539666437343062336362343039353039623437356630646136663932323930353131383132633365323234383833386166353034636536353035653063313633313034343265333530303430663439373563442f6f592b4d674a635732684859567a66796b312b54304b737858705a6b3770304a4a6b53655478624b494d793645577367545444394a506673304f5a586c4b7a476b5a6f694a54304b4d716f743455387130754d442f516954386f5a336f65434179724d306f3031525a7045775149427069536647432b50452f3459694152223b),
('4hj9ras23o11l72f4je2ob81j09mblc1', '::1', 1621346709, 0x5f5f63695f6c6173745f726567656e65726174657c693a313632313334363730393b),
('lvlbhasqvj3dv12ol3aoc3qkv1ifvq9f', '::1', 1621347053, 0x5f5f63695f6c6173745f726567656e65726174657c693a313632313334373035333b5f5f4143544956455f53455353494f4e5f444154417c733a3235363a2231633032636261346234613363396432353433623963333937323462396135343761383861636634383962306163626166633338386537386535343931656665646464316262656663613036353732636635656538343466306134663834323366343233333530613561613461613965373961613863336532623565633836365565386c3837763841306b6948667444796d6a41765056394d376f7472377933444b4d4e725731764d336f63586a684d552b5a66566678584f6c39326554744c61536947543848722b7067415a36634641736e374a7166345037716a7a65313356576754424f4e3441785045317462414d66437a746368732f356d4a30497532223b7265646972656374696f6e7c733a37363a226148523063446f764c327876593246736147397a64433930623274764c586468624778775958426c63693970626d526c6543357761484176633268766343396a6147566a6132393164413d3d223b6f726465725f666c6173687c733a32363a224f7264657220626572686173696c20646974616d6261686b616e223b5f5f63695f766172737c613a313a7b733a31313a226f726465725f666c617368223b733a333a226f6c64223b7d),
('io6mhstfc0ivsgsp82j6pdm0k2ekg2k1', '::1', 1621347470, 0x5f5f63695f6c6173745f726567656e65726174657c693a313632313334373437303b7265646972656374696f6e7c4e3b5f5f4143544956455f53455353494f4e5f444154417c733a3235363a22626632383438313362333431326235353331653235316163333664336437643339656233623331333436616165383863323261663837306664653639633032326261366237656631323962336331346435356139323162343366313562656562643265366236643961326461633732626438383333393862346431656337613249626971546d316a6e57514b6b4b6d5a624e593442646b30415637436370723451784d485044433054344f742f56636d486159474879584e55496a565a4e66534b2b454b62713579536b437965543136584865374c74636d324278396474566a53776c4f354342704147594d486a6c77542f394634644a506e6a6f7975566634223b),
('m1bbs578ne0udhjoeob8pk4re68odom8', '::1', 1621347373, 0x5f5f63695f6c6173745f726567656e65726174657c693a313632313334373337333b5f5f4143544956455f53455353494f4e5f444154417c733a3235363a2231633032636261346234613363396432353433623963333937323462396135343761383861636634383962306163626166633338386537386535343931656665646464316262656663613036353732636635656538343466306134663834323366343233333530613561613461613965373961613863336532623565633836365565386c3837763841306b6948667444796d6a41765056394d376f7472377933444b4d4e725731764d336f63586a684d552b5a66566678584f6c39326554744c61536947543848722b7067415a36634641736e374a7166345037716a7a65313356576754424f4e3441785045317462414d66437a746368732f356d4a30497532223b7265646972656374696f6e7c733a37363a226148523063446f764c327876593246736147397a64433930623274764c586468624778775958426c63693970626d526c6543357761484176633268766343396a6147566a6132393164413d3d223b),
('2n4iak5jphrrrdo4biediup55492kscn', '::1', 1621347682, 0x5f5f63695f6c6173745f726567656e65726174657c693a313632313334373638323b5f5f4143544956455f53455353494f4e5f444154417c733a3235363a2231633032636261346234613363396432353433623963333937323462396135343761383861636634383962306163626166633338386537386535343931656665646464316262656663613036353732636635656538343466306134663834323366343233333530613561613461613965373961613863336532623565633836365565386c3837763841306b6948667444796d6a41765056394d376f7472377933444b4d4e725731764d336f63586a684d552b5a66566678584f6c39326554744c61536947543848722b7067415a36634641736e374a7166345037716a7a65313356576754424f4e3441785045317462414d66437a746368732f356d4a30497532223b7265646972656374696f6e7c733a37363a226148523063446f764c327876593246736147397a64433930623274764c586468624778775958426c63693970626d526c6543357761484176633268766343396a6147566a6132393164413d3d223b636172745f636f6e74656e74737c613a333a7b733a31303a22636172745f746f74616c223b643a313536303030303b733a31313a22746f74616c5f6974656d73223b643a32303b733a33323a226338316537323864396434633266363336663036376638396363313438363263223b613a363a7b733a323a226964223b733a313a2232223b733a333a22717479223b643a32303b733a353a227072696365223b643a37383030303b733a343a226e616d65223b733a363a22505430333031223b733a353a22726f776964223b733a33323a226338316537323864396434633266363336663036376638396363313438363263223b733a383a22737562746f74616c223b643a313536303030303b7d7d6f726465725f7175616e746974797c613a313a7b693a323b613a323a7b733a333a22717479223b643a32303b733a353a227072696365223b643a37383030303b7d7d746f74616c5f70726963657c643a313536353030303b),
('in5pnvq9nj7hckeeiamqcsj3bdkql1vs', '::1', 1621347977, 0x5f5f63695f6c6173745f726567656e65726174657c693a313632313334373937373b7265646972656374696f6e7c4e3b5f5f4143544956455f53455353494f4e5f444154417c733a3235363a22626632383438313362333431326235353331653235316163333664336437643339656233623331333436616165383863323261663837306664653639633032326261366237656631323962336331346435356139323162343366313562656562643265366236643961326461633732626438383333393862346431656337613249626971546d316a6e57514b6b4b6d5a624e593442646b30415637436370723451784d485044433054344f742f56636d486159474879584e55496a565a4e66534b2b454b62713579536b437965543136584865374c74636d324278396474566a53776c4f354342704147594d486a6c77542f394634644a506e6a6f7975566634223b6f726465725f666c6173687c733a32363a2253746174757320626572686173696c2064697065726261727569223b5f5f63695f766172737c613a313a7b733a31313a226f726465725f666c617368223b733a333a226f6c64223b7d),
('8rhns5opihjhrc1347g5gm3hjaiobuen', '::1', 1621348058, 0x5f5f63695f6c6173745f726567656e65726174657c693a313632313334383035383b5f5f4143544956455f53455353494f4e5f444154417c733a3235363a2231633032636261346234613363396432353433623963333937323462396135343761383861636634383962306163626166633338386537386535343931656665646464316262656663613036353732636635656538343466306134663834323366343233333530613561613461613965373961613863336532623565633836365565386c3837763841306b6948667444796d6a41765056394d376f7472377933444b4d4e725731764d336f63586a684d552b5a66566678584f6c39326554744c61536947543848722b7067415a36634641736e374a7166345037716a7a65313356576754424f4e3441785045317462414d66437a746368732f356d4a30497532223b7265646972656374696f6e7c733a37363a226148523063446f764c327876593246736147397a64433930623274764c586468624778775958426c63693970626d526c6543357761484176633268766343396a6147566a6132393164413d3d223b),
('t896pcl1bmogn8pc7a3f5l7f8pp026k2', '::1', 1621348534, 0x5f5f63695f6c6173745f726567656e65726174657c693a313632313334383533343b7265646972656374696f6e7c4e3b5f5f4143544956455f53455353494f4e5f444154417c733a3235363a22626632383438313362333431326235353331653235316163333664336437643339656233623331333436616165383863323261663837306664653639633032326261366237656631323962336331346435356139323162343366313562656562643265366236643961326461633732626438383333393862346431656337613249626971546d316a6e57514b6b4b6d5a624e593442646b30415637436370723451784d485044433054344f742f56636d486159474879584e55496a565a4e66534b2b454b62713579536b437965543136584865374c74636d324278396474566a53776c4f354342704147594d486a6c77542f394634644a506e6a6f7975566634223b6f726465725f666c6173687c733a32363a2253746174757320626572686173696c2064697065726261727569223b5f5f63695f766172737c613a313a7b733a31313a226f726465725f666c617368223b733a333a226f6c64223b7d),
('v7ssuj888n600m7o7mn660khq0bdh2ph', '::1', 1621348376, 0x5f5f63695f6c6173745f726567656e65726174657c693a313632313334383337363b5f5f4143544956455f53455353494f4e5f444154417c733a3235363a2231633032636261346234613363396432353433623963333937323462396135343761383861636634383962306163626166633338386537386535343931656665646464316262656663613036353732636635656538343466306134663834323366343233333530613561613461613965373961613863336532623565633836365565386c3837763841306b6948667444796d6a41765056394d376f7472377933444b4d4e725731764d336f63586a684d552b5a66566678584f6c39326554744c61536947543848722b7067415a36634641736e374a7166345037716a7a65313356576754424f4e3441785045317462414d66437a746368732f356d4a30497532223b7265646972656374696f6e7c733a37363a226148523063446f764c327876593246736147397a64433930623274764c586468624778775958426c63693970626d526c6543357761484176633268766343396a6147566a6132393164413d3d223b),
('qnli8a1ni75ci3f03fcivc02baodh7v1', '::1', 1621348681, 0x5f5f63695f6c6173745f726567656e65726174657c693a313632313334383638313b5f5f4143544956455f53455353494f4e5f444154417c733a3235363a2231633032636261346234613363396432353433623963333937323462396135343761383861636634383962306163626166633338386537386535343931656665646464316262656663613036353732636635656538343466306134663834323366343233333530613561613461613965373961613863336532623565633836365565386c3837763841306b6948667444796d6a41765056394d376f7472377933444b4d4e725731764d336f63586a684d552b5a66566678584f6c39326554744c61536947543848722b7067415a36634641736e374a7166345037716a7a65313356576754424f4e3441785045317462414d66437a746368732f356d4a30497532223b7265646972656374696f6e7c733a37363a226148523063446f764c327876593246736147397a64433930623274764c586468624778775958426c63693970626d526c6543357761484176633268766343396a6147566a6132393164413d3d223b),
('38cso4fmca6juro7781c91hl9rnvd02p', '::1', 1621348674, 0x5f5f63695f6c6173745f726567656e65726174657c693a313632313334383533343b7265646972656374696f6e7c4e3b5f5f4143544956455f53455353494f4e5f444154417c733a3235363a22626632383438313362333431326235353331653235316163333664336437643339656233623331333436616165383863323261663837306664653639633032326261366237656631323962336331346435356139323162343366313562656562643265366236643961326461633732626438383333393862346431656337613249626971546d316a6e57514b6b4b6d5a624e593442646b30415637436370723451784d485044433054344f742f56636d486159474879584e55496a565a4e66534b2b454b62713579536b437965543136584865374c74636d324278396474566a53776c4f354342704147594d486a6c77542f394634644a506e6a6f7975566634223b),
('t8ff1cftaijhh7ssvlcn1uagvpeq6o42', '::1', 1621348919, 0x5f5f63695f6c6173745f726567656e65726174657c693a313632313334383638313b5f5f4143544956455f53455353494f4e5f444154417c733a3235363a2231633032636261346234613363396432353433623963333937323462396135343761383861636634383962306163626166633338386537386535343931656665646464316262656663613036353732636635656538343466306134663834323366343233333530613561613461613965373961613863336532623565633836365565386c3837763841306b6948667444796d6a41765056394d376f7472377933444b4d4e725731764d336f63586a684d552b5a66566678584f6c39326554744c61536947543848722b7067415a36634641736e374a7166345037716a7a65313356576754424f4e3441785045317462414d66437a746368732f356d4a30497532223b7265646972656374696f6e7c733a37363a226148523063446f764c327876593246736147397a64433930623274764c586468624778775958426c63693970626d526c6543357761484176633268766343396a6147566a6132393164413d3d223b),
('56i5hhkltdr49en3qolttuauo86lqaga', '::1', 1621518141, 0x5f5f63695f6c6173745f726567656e65726174657c693a313632313531383134313b7265646972656374696f6e7c4e3b),
('dfmf7qjufr60kcm7she6s65q1hrgs9os', '::1', 1621518141, 0x5f5f63695f6c6173745f726567656e65726174657c693a313632313531383134313b7265646972656374696f6e7c4e3b);

-- --------------------------------------------------------

--
-- Table structure for table `contacts`
--

CREATE TABLE `contacts` (
  `id` int NOT NULL,
  `parent_id` int DEFAULT NULL,
  `name` varchar(32) NOT NULL,
  `subject` varchar(128) DEFAULT NULL,
  `email` varchar(64) NOT NULL,
  `message` mediumtext NOT NULL,
  `contact_date` datetime DEFAULT NULL,
  `status` tinyint(1) DEFAULT '1',
  `reply_at` datetime DEFAULT NULL
) ENGINE=InnoDB DEFAULT CHARSET=utf8;

--
-- Dumping data for table `contacts`
--

INSERT INTO `contacts` (`id`, `parent_id`, `name`, `subject`, `email`, `message`, `contact_date`, `status`, `reply_at`) VALUES
(1, NULL, 'Agung Tri Saputra', 'Pengiriman kok lama?', 'martinms.za@gmail.com', 'pengiriman pesanan saya kok lama ya', '2020-03-29 07:40:13', 2, NULL);

-- --------------------------------------------------------

--
-- Table structure for table `coupons`
--

CREATE TABLE `coupons` (
  `id` bigint NOT NULL,
  `name` varchar(191) NOT NULL,
  `code` varchar(32) NOT NULL,
  `credit` decimal(8,2) NOT NULL,
  `start_date` date NOT NULL,
  `expired_date` date NOT NULL,
  `is_active` tinyint DEFAULT '1'
) ENGINE=InnoDB DEFAULT CHARSET=utf8;

--
-- Dumping data for table `coupons`
--

INSERT INTO `coupons` (`id`, `name`, `code`, `credit`, `start_date`, `expired_date`, `is_active`) VALUES
(4, 'Berbagi Ramadhan', 'RAMADHAN2021', '5000.00', '2021-05-02', '2021-05-09', 1),
(5, 'WELCOME MAY', 'MAY21', '4000.00', '2021-05-01', '2021-05-08', 1);

-- --------------------------------------------------------

--
-- Table structure for table `customers`
--

CREATE TABLE `customers` (
  `id` bigint NOT NULL,
  `user_id` bigint UNSIGNED DEFAULT NULL,
  `name` varchar(191) NOT NULL,
  `phone_number` varchar(32) DEFAULT NULL,
  `address` varchar(191) NOT NULL,
  `profile_picture` varchar(191) DEFAULT NULL
) ENGINE=InnoDB DEFAULT CHARSET=utf8;

--
-- Dumping data for table `customers`
--

INSERT INTO `customers` (`id`, `user_id`, `name`, `phone_number`, `address`, `profile_picture`) VALUES
(6, 7, 'Agung Tri Saputra', '081328907767', 'Kost Indah Jaya Belakang No. 19, Jl. Medan Baru VI, Kandang Limun, Bengkulu', 'agung.png'),
(7, 8, 'Andre Tauladan', '08234567891', 'Jl. Paus Biru', NULL);

-- --------------------------------------------------------

--
-- Table structure for table `orders`
--

CREATE TABLE `orders` (
  `id` bigint NOT NULL,
  `user_id` bigint UNSIGNED DEFAULT NULL,
  `coupon_id` bigint DEFAULT NULL,
  `order_number` varchar(16) NOT NULL,
  `order_status` enum('1','2','3','4','5') DEFAULT '1',
  `order_date` datetime NOT NULL,
  `total_price` decimal(8,2) DEFAULT NULL,
  `total_items` int DEFAULT NULL,
  `payment_method` int DEFAULT '1',
  `delivery_data` text,
  `delivered_date` datetime DEFAULT NULL,
  `finish_date` datetime DEFAULT NULL
) ENGINE=InnoDB DEFAULT CHARSET=utf8;

--
-- Dumping data for table `orders`
--

INSERT INTO `orders` (`id`, `user_id`, `coupon_id`, `order_number`, `order_status`, `order_date`, `total_price`, `total_items`, `payment_method`, `delivery_data`, `delivered_date`, `finish_date`) VALUES
(9, 7, NULL, 'ZCV352137461', '3', '2021-05-03 00:03:44', '62000.00', 3, 2, '{\"customer\":{\"name\":\"Agung Tri Saputra\",\"phone_number\":\"081328907767\",\"address\":\"Kost Indah Jaya Belakang No. 19, Jl. Medan Baru VI, Kandang Limun, Bengkulu\"},\"note\":\"\"}', NULL, NULL),
(10, 7, NULL, 'WGY452127307', '1', '2021-05-04 10:31:43', '142000.00', 2, 1, '{\"customer\":{\"name\":\"Agung Tri Saputra\",\"phone_number\":\"081328907767\",\"address\":\"Kost Indah Jaya Belakang No. 19, Jl. Medan Baru VI, Kandang Limun, Bengkulu\"},\"note\":\"\"}', NULL, NULL),
(11, 7, NULL, 'XCB452117342', '2', '2021-05-04 10:35:42', '130000.00', 1, 1, '{\"customer\":{\"name\":\"Agung Tri Saputra\",\"phone_number\":\"081328907767\",\"address\":\"Kost Indah Jaya Belakang No. 19, Jl. Medan Baru VI, Kandang Limun, Bengkulu\"},\"note\":\"\"}', NULL, NULL),
(12, 7, NULL, 'KWQ652117843', '1', '2021-05-06 09:31:31', '35000.00', 1, 1, '{\"customer\":{\"name\":\"Agung Tri Saputra\",\"phone_number\":\"081328907767\",\"address\":\"Kost Indah Jaya Belakang No. 19, Jl. Medan Baru VI, Kandang Limun, Bengkulu\"},\"note\":\"\"}', NULL, NULL),
(13, 8, NULL, 'YSC1652138491', '1', '2021-05-16 06:28:31', '260000.00', 3, 1, '{\"customer\":{\"name\":\"Andre Tauladan\",\"phone_number\":\"08234567891\",\"address\":\"Jl. Paus Biru\"},\"note\":\"\"}', NULL, NULL),
(14, 8, NULL, 'TBX1752138204', '4', '2021-05-17 11:22:27', '220000.00', 3, 1, '{\"customer\":{\"name\":\"Andre Tauladan\",\"phone_number\":\"08234567891\",\"address\":\"Jl. Paus Biru\"},\"note\":\"\"}', NULL, NULL),
(15, 8, NULL, 'SBI1852128031', '4', '2021-05-18 21:09:09', '999999.99', 2, 2, '{\"customer\":{\"name\":\"Andre Tauladan\",\"phone_number\":\"08234567891\",\"address\":\"Jl. Paus Biru\"},\"note\":\"\"}', NULL, NULL),
(16, 8, NULL, 'SVZ1852118354', '1', '2021-05-18 21:13:18', '90000.00', 1, 2, '{\"customer\":{\"name\":\"Andre Tauladan\",\"phone_number\":\"08234567891\",\"address\":\"Jl. Paus Biru\"},\"note\":\"\"}', NULL, NULL),
(18, 8, NULL, 'FSK1852118907', '1', '2021-05-18 21:22:46', '785000.00', 1, 1, '{\"customer\":{\"name\":\"Andre Tauladan\",\"phone_number\":\"08234567891\",\"address\":\"Jl. Paus Biru\"},\"note\":\"\"}', NULL, NULL);

-- --------------------------------------------------------

--
-- Table structure for table `order_items`
--

CREATE TABLE `order_items` (
  `id` bigint NOT NULL,
  `order_id` bigint DEFAULT NULL,
  `product_id` bigint DEFAULT NULL,
  `order_qty` int NOT NULL,
  `order_price` decimal(8,2) DEFAULT NULL
) ENGINE=InnoDB DEFAULT CHARSET=utf8;

--
-- Dumping data for table `order_items`
--

INSERT INTO `order_items` (`id`, `order_id`, `product_id`, `order_qty`, `order_price`) VALUES
(13, 9, 9, 1, '35000.00'),
(14, 9, 10, 1, '12000.00'),
(15, 9, 11, 1, '15000.00'),
(16, 10, 1, 2, '65000.00'),
(17, 10, 10, 1, '12000.00'),
(18, 11, 1, 2, '65000.00'),
(19, 12, 9, 1, '35000.00'),
(20, 13, 1, 1, '65000.00'),
(21, 13, 8, 1, '130000.00'),
(22, 13, 13, 1, '60000.00'),
(23, 14, 9, 1, '35000.00'),
(24, 14, 10, 1, '80000.00'),
(25, 14, 11, 1, '100000.00'),
(26, 15, 10, 1, '80000.00'),
(27, 15, 11, 13, '100000.00'),
(28, 16, 4, 1, '85000.00'),
(30, 18, 2, 10, '78000.00');

-- --------------------------------------------------------

--
-- Table structure for table `payments`
--

CREATE TABLE `payments` (
  `id` bigint NOT NULL,
  `order_id` bigint DEFAULT NULL,
  `payment_price` decimal(8,2) DEFAULT NULL,
  `payment_date` datetime NOT NULL,
  `picture_name` varchar(191) DEFAULT NULL,
  `payment_status` enum('1','2','3') DEFAULT '1',
  `confirmed_date` datetime DEFAULT NULL,
  `payment_data` text
) ENGINE=InnoDB DEFAULT CHARSET=utf8;

--
-- Dumping data for table `payments`
--

INSERT INTO `payments` (`id`, `order_id`, `payment_price`, `payment_date`, `picture_name`, `payment_status`, `confirmed_date`, `payment_data`) VALUES
(4, 5, '271000.00', '2020-03-29 08:20:39', 'category-1.jpg', '1', NULL, '{\"transfer_to\":\"bri\",\"source\":{\"bank\":\"Bank BRI\",\"name\":\"Agung Tri Saputra\",\"number\":\"12-345-678-9\"}}'),
(5, 7, '78000.00', '2020-03-30 08:51:08', 'html5.jpg', '2', NULL, '{\"transfer_to\":\"btn\",\"source\":{\"bank\":\"BANK BCA\",\"name\":\"MMS\",\"number\":\"123-456\"}}'),
(6, 11, '130000.00', '2021-05-04 10:39:11', 'REAKSI_ARTILERI-removebg-preview.png', '1', NULL, '{\"transfer_to\":\"bank-jago-xx\",\"source\":{\"bank\":\"we\",\"name\":\"ddf\",\"number\":\"123\"}}'),
(7, 14, '220000.00', '2021-05-17 11:26:02', 'edi_logo.png', '2', NULL, '{\"transfer_to\":\"bank-bni\",\"source\":{\"bank\":\"Bank BTN\",\"name\":\"Susi\",\"number\":\"353454365\"}}');

-- --------------------------------------------------------

--
-- Table structure for table `products`
--

CREATE TABLE `products` (
  `id` bigint NOT NULL,
  `category_id` int DEFAULT NULL,
  `sku` varchar(32) DEFAULT NULL,
  `name` varchar(191) NOT NULL,
  `description` varchar(191) DEFAULT NULL,
  `picture_name` varchar(191) DEFAULT NULL,
  `price` decimal(8,2) NOT NULL,
  `current_discount` decimal(8,2) DEFAULT '0.00',
  `stock` int NOT NULL,
  `product_unit` varchar(32) DEFAULT NULL,
  `is_available` tinyint(1) DEFAULT '1',
  `add_date` datetime DEFAULT NULL
) ENGINE=InnoDB DEFAULT CHARSET=utf8;

--
-- Dumping data for table `products`
--

INSERT INTO `products` (`id`, `category_id`, `sku`, `name`, `description`, `picture_name`, `price`, `current_discount`, `stock`, `product_unit`, `is_available`, `add_date`) VALUES
(1, 2, 'SB750372', 'CL0201', NULL, 'desain-wallpaper-03.jpeg', '70000.00', '5000.00', 50, 'Roll', 1, '2020-03-26 15:02:52'),
(2, 1, 'BS350420', 'PT0301', NULL, 'desain-wallpaper-01.jpeg', '80000.00', '2000.00', 30, 'Roll', 1, '2020-03-26 15:03:40'),
(4, 1, 'TS120790', 'PT0302', NULL, 'desain-wallpaper-04.jpeg', '85000.00', '0.00', 20, 'Roll', 1, '2020-03-26 19:36:30'),
(5, 1, 'WS120811', 'PT0303', NULL, 'desain-wallpaper-06.jpeg', '120000.00', '10000.00', 20, 'Roll', 1, '2020-03-26 19:36:51'),
(8, 1, 'PS220885', 'PT0304', NULL, 'ms579_mosaicscallop_emeraldgreen_tempaper_livingroom_rgb.jpeg', '130000.00', '0.00', 20, 'Roll', 1, '2020-03-26 19:38:05'),
(9, 2, 'AB450163', 'CL0202', NULL, '123-1238023_small.jpeg', '40000.00', '5000.00', 50, 'Roll', 1, '2020-03-26 19:42:43'),
(10, 2, 'BMS120283', 'CL0203', NULL, 'wall1.jpeg', '80000.00', '0.00', 20, 'Roll', 1, '2020-03-26 19:44:42'),
(11, 2, 'URS13301', 'CL0204', NULL, 'wall3.jpeg', '100000.00', '0.00', 10, 'Roll', 1, '2020-03-26 19:45:01'),
(12, 2, 'BPS15347', 'CL0205', NULL, 'wall5.jpeg', '110000.00', '0.00', 55, 'Roll', 1, '2020-03-26 19:45:47'),
(13, 2, 'KPS223370', 'CL0206', NULL, 'wallpaper4.jpeg', '60000.00', '0.00', 23, 'Roll', 1, '2020-03-26 19:46:10'),
(14, 1, 'CMS410424', 'PT0305', NULL, 'wall7.jpeg', '100000.00', '7000.00', 30, 'Roll', 1, '2020-03-26 19:47:04'),
(15, 2, 'BPS15347', 'CL0205', NULL, 'wall5.jpeg', '110000.00', '0.00', 55, 'Roll', 1, '2020-03-26 19:45:47'),
(16, 2, 'KPS223370', 'CL0206', NULL, 'wallpaper4.jpeg', '60000.00', '0.00', 23, 'Roll', 1, '2020-03-26 19:46:10'),
(17, 1, 'CMS410424', 'PT0305', NULL, 'wall7.jpeg', '100000.00', '7000.00', 30, 'Roll', 1, '2020-03-26 19:47:04');

-- --------------------------------------------------------

--
-- Table structure for table `product_category`
--

CREATE TABLE `product_category` (
  `id` int NOT NULL,
  `name` varchar(191) NOT NULL
) ENGINE=InnoDB DEFAULT CHARSET=utf8;

--
-- Dumping data for table `product_category`
--

INSERT INTO `product_category` (`id`, `name`) VALUES
(1, 'Pattern'),
(2, 'Classic');

-- --------------------------------------------------------

--
-- Table structure for table `reviews`
--

CREATE TABLE `reviews` (
  `id` bigint NOT NULL,
  `user_id` bigint UNSIGNED DEFAULT NULL,
  `order_id` bigint DEFAULT NULL,
  `title` varchar(191) DEFAULT NULL,
  `review_text` mediumtext NOT NULL,
  `review_date` datetime NOT NULL,
  `status` tinyint(1) NOT NULL DEFAULT '1'
) ENGINE=InnoDB DEFAULT CHARSET=utf8;

--
-- Dumping data for table `reviews`
--

INSERT INTO `reviews` (`id`, `user_id`, `order_id`, `title`, `review_text`, `review_date`, `status`) VALUES
(2, 7, 6, 'Sangat puas', 'Pengiriman cepat dan sayur segar', '2020-03-30 08:31:31', 1),
(3, 7, 5, 'Buah segar', 'Buah segar dan kualitasnya sangat bagus', '2020-03-30 08:33:10', 1),
(4, 8, 14, 'Baik!', 'Barang bagus dan model paling update ', '2021-05-18 21:15:09', 1);

-- --------------------------------------------------------

--
-- Table structure for table `settings`
--

CREATE TABLE `settings` (
  `id` int NOT NULL,
  `key` varchar(32) NOT NULL,
  `content` text NOT NULL
) ENGINE=InnoDB DEFAULT CHARSET=utf8;

--
-- Dumping data for table `settings`
--

INSERT INTO `settings` (`id`, `key`, `content`) VALUES
(1, 'current_theme_name', 'vegefoods'),
(2, 'store_name', 'Edi Wallpaper'),
(3, 'store_phone_number', '082345678910'),
(4, 'store_email', 'ediwallpaper@gmail.com'),
(5, 'store_tagline', 'Belanja Wallpaper Lebih Mudah'),
(6, 'store_logo', 'Logo.png'),
(7, 'max_product_image_size', '20000'),
(8, 'store_description', 'Belanja Wallpaper lebih mudah dengan banyak pilihan warna dan model. Membuat penampilan rumah makin menarik'),
(9, 'store_address', 'Jl. Sudirman'),
(10, 'min_shop_to_free_shipping_cost', '9999999999'),
(11, 'shipping_cost', '5000'),
(12, 'payment_banks', '{\"bank-mandiri\":{\"bank\":\"BANK Mandiri\",\"number\":\"8002937489\",\"name\":\"Edi Sugiono\"},\"bank-bni\":{\"bank\":\"BANK BNI\",\"number\":\"2990382\",\"name\":\"Edi Sugiono\"},\"bank-riau\":{\"bank\":\"BANK Riau\",\"number\":\"1029384\",\"name\":\"Edi Sugiono\"}}');

-- --------------------------------------------------------

--
-- Table structure for table `users`
--

CREATE TABLE `users` (
  `id` bigint UNSIGNED NOT NULL,
  `name` varchar(50) CHARACTER SET utf8 COLLATE utf8_general_ci DEFAULT NULL,
  `email` varchar(191) CHARACTER SET utf8 COLLATE utf8_general_ci NOT NULL,
  `email_verified_at` timestamp NULL DEFAULT NULL,
  `username` varchar(16) CHARACTER SET utf8 COLLATE utf8_general_ci NOT NULL,
  `password` varchar(191) CHARACTER SET utf8 COLLATE utf8_general_ci NOT NULL,
  `profile_picture` varchar(128) CHARACTER SET utf8 COLLATE utf8_general_ci DEFAULT NULL,
  `role` varchar(32) CHARACTER SET utf8 COLLATE utf8_general_ci DEFAULT '0' COMMENT '1 = admin, 2 = customer',
  `register_date` datetime DEFAULT NULL
) ENGINE=InnoDB DEFAULT CHARSET=utf8;

--
-- Dumping data for table `users`
--

INSERT INTO `users` (`id`, `name`, `email`, `email_verified_at`, `username`, `password`, `profile_picture`, `role`, `register_date`) VALUES
(1, 'Admin Edi', 'admin@local.test', NULL, 'admin', '$2y$10$Brm3RNWFKvZ1e0ej1vBz9.QbFMW21q0l/iDSt5aDOoGj9zlLFuxh6', 'agung1.png', 'admin', NULL),
(7, 'Customer Toko Sayur', 'customer@local.test', NULL, 'customer', '$2y$10$6C/A5Yy1gt4yhStWDWN1M.isBaznzDc.MZJdIj7UddW3.qIX5vDvK', NULL, 'customer', '2020-03-29 08:14:30'),
(8, NULL, 'andre.tauladan@gmail.com', NULL, 'andre', '$2y$10$yWvnIKWI1X.pVfRlj9HKJesLeDfvq4laDToX.vV3DrIyq4nAeHYXG', NULL, 'customer', '2021-05-16 06:26:17');

--
-- Indexes for dumped tables
--

--
-- Indexes for table `ci_sessions`
--
ALTER TABLE `ci_sessions`
  ADD KEY `ci_sessions_timestamp` (`timestamp`);

--
-- Indexes for table `contacts`
--
ALTER TABLE `contacts`
  ADD PRIMARY KEY (`id`),
  ADD KEY `FK_contacts_contacts` (`parent_id`);

--
-- Indexes for table `coupons`
--
ALTER TABLE `coupons`
  ADD PRIMARY KEY (`id`);

--
-- Indexes for table `customers`
--
ALTER TABLE `customers`
  ADD PRIMARY KEY (`id`),
  ADD KEY `FK_customers_users` (`user_id`);

--
-- Indexes for table `orders`
--
ALTER TABLE `orders`
  ADD PRIMARY KEY (`id`),
  ADD KEY `FK_orders_users` (`user_id`),
  ADD KEY `FK_orders_coupons` (`coupon_id`);

--
-- Indexes for table `order_items`
--
ALTER TABLE `order_items`
  ADD PRIMARY KEY (`id`),
  ADD KEY `order_id` (`order_id`),
  ADD KEY `product_id` (`product_id`);

--
-- Indexes for table `payments`
--
ALTER TABLE `payments`
  ADD PRIMARY KEY (`id`),
  ADD KEY `order_id` (`order_id`);

--
-- Indexes for table `products`
--
ALTER TABLE `products`
  ADD PRIMARY KEY (`id`),
  ADD KEY `FK_products_product_category` (`category_id`);

--
-- Indexes for table `product_category`
--
ALTER TABLE `product_category`
  ADD PRIMARY KEY (`id`);

--
-- Indexes for table `reviews`
--
ALTER TABLE `reviews`
  ADD PRIMARY KEY (`id`),
  ADD KEY `FK_reviews_users` (`user_id`),
  ADD KEY `FK_reviews_orders` (`order_id`);

--
-- Indexes for table `settings`
--
ALTER TABLE `settings`
  ADD PRIMARY KEY (`id`) USING BTREE;

--
-- Indexes for table `users`
--
ALTER TABLE `users`
  ADD PRIMARY KEY (`id`) USING BTREE,
  ADD UNIQUE KEY `users_email_unique` (`email`) USING BTREE,
  ADD KEY `role_id` (`role`);

--
-- AUTO_INCREMENT for dumped tables
--

--
-- AUTO_INCREMENT for table `contacts`
--
ALTER TABLE `contacts`
  MODIFY `id` int NOT NULL AUTO_INCREMENT, AUTO_INCREMENT=3;

--
-- AUTO_INCREMENT for table `coupons`
--
ALTER TABLE `coupons`
  MODIFY `id` bigint NOT NULL AUTO_INCREMENT, AUTO_INCREMENT=6;

--
-- AUTO_INCREMENT for table `customers`
--
ALTER TABLE `customers`
  MODIFY `id` bigint NOT NULL AUTO_INCREMENT, AUTO_INCREMENT=8;

--
-- AUTO_INCREMENT for table `orders`
--
ALTER TABLE `orders`
  MODIFY `id` bigint NOT NULL AUTO_INCREMENT, AUTO_INCREMENT=19;

--
-- AUTO_INCREMENT for table `order_items`
--
ALTER TABLE `order_items`
  MODIFY `id` bigint NOT NULL AUTO_INCREMENT, AUTO_INCREMENT=31;

--
-- AUTO_INCREMENT for table `payments`
--
ALTER TABLE `payments`
  MODIFY `id` bigint NOT NULL AUTO_INCREMENT, AUTO_INCREMENT=8;

--
-- AUTO_INCREMENT for table `products`
--
ALTER TABLE `products`
  MODIFY `id` bigint NOT NULL AUTO_INCREMENT, AUTO_INCREMENT=18;

--
-- AUTO_INCREMENT for table `product_category`
--
ALTER TABLE `product_category`
  MODIFY `id` int NOT NULL AUTO_INCREMENT, AUTO_INCREMENT=11;

--
-- AUTO_INCREMENT for table `reviews`
--
ALTER TABLE `reviews`
  MODIFY `id` bigint NOT NULL AUTO_INCREMENT, AUTO_INCREMENT=5;

--
-- AUTO_INCREMENT for table `settings`
--
ALTER TABLE `settings`
  MODIFY `id` int NOT NULL AUTO_INCREMENT, AUTO_INCREMENT=13;

--
-- AUTO_INCREMENT for table `users`
--
ALTER TABLE `users`
  MODIFY `id` bigint UNSIGNED NOT NULL AUTO_INCREMENT, AUTO_INCREMENT=9;

--
-- Constraints for dumped tables
--

--
-- Constraints for table `contacts`
--
ALTER TABLE `contacts`
  ADD CONSTRAINT `FK_contacts_contacts` FOREIGN KEY (`parent_id`) REFERENCES `contacts` (`id`) ON DELETE CASCADE;

--
-- Constraints for table `customers`
--
ALTER TABLE `customers`
  ADD CONSTRAINT `FK_customers_users` FOREIGN KEY (`user_id`) REFERENCES `users` (`id`) ON UPDATE CASCADE;

--
-- Constraints for table `orders`
--
ALTER TABLE `orders`
  ADD CONSTRAINT `FK_orders_coupons` FOREIGN KEY (`coupon_id`) REFERENCES `coupons` (`id`) ON DELETE SET NULL ON UPDATE CASCADE,
  ADD CONSTRAINT `FK_orders_users` FOREIGN KEY (`user_id`) REFERENCES `users` (`id`) ON UPDATE CASCADE;

--
-- Constraints for table `order_items`
--
ALTER TABLE `order_items`
  ADD CONSTRAINT `order_items_ibfk_1` FOREIGN KEY (`order_id`) REFERENCES `orders` (`id`) ON DELETE CASCADE,
  ADD CONSTRAINT `order_items_ibfk_2` FOREIGN KEY (`product_id`) REFERENCES `products` (`id`) ON DELETE CASCADE;
COMMIT;

/*!40101 SET CHARACTER_SET_CLIENT=@OLD_CHARACTER_SET_CLIENT */;
/*!40101 SET CHARACTER_SET_RESULTS=@OLD_CHARACTER_SET_RESULTS */;
/*!40101 SET COLLATION_CONNECTION=@OLD_COLLATION_CONNECTION */;
